product_id,product_name,category,price,supplier,created_at
P000001,Mouse,Sports,880.07,UK Wholesale,2026-08-16 11:23:45.342132
P000002,Keyboard,Sports,380.98,TechSupply Ltd,2026-08-16 11:23:45.342138
P000003,T-Shirt,Clothing,592.53,Global Supplies,2026-08-16 11:23:45.342141
P000004,Smartphone,Books,528.62,TechSupply Ltd,2026-08-16 11:23:45.342142
P000005,Running Shoes,Beauty,226.95,HomeGoods Ltd,2026-08-16 11:23:45.342144
P000006,T-Shirt,Clothing,879.96,Global Supplies,2026-08-16 11:23:45.342146
P000007,Laptop,Electronics,259.2,TechSupply Ltd,2026-08-16 11:23:45.342147
P000008,Laptop,Books,130.04,UK Wholesale,2026-08-16 11:23:45.342149
P000009,Keyboard,Home,352.94,TechSupply Ltd,2026-08-16 11:23:45.342151
P000010,T-Shirt,Books,869.35,TechSupply Ltd,2026-08-16 11:23:45.342152
P000011,Coffee Mug,Beauty,388.79,Global Supplies,2026-08-16 11:23:45.342154
P000012,Monitor,Beauty,710.98,TechSupply Ltd,2026-08-16 11:23:45.342159
P000013,Keyboard,Clothing,506.34,Global Supplies,2026-08-16 11:23:45.342160
P000014,Keyboard,Home,515.6,UK Wholesale,2026-08-16 11:23:45.342162
P000015,Backpack,Sports,87.52,Global Supplies,2026-08-16 11:23:45.342163
P000016,T-Shirt,Books,740.63,HomeGoods Ltd,2026-08-16 11:23:45.342165
P000017,Monitor,Clothing,451.22,Global Supplies,2026-08-16 11:23:45.342166
P000018,Keyboard,Home,77.3,TechSupply Ltd,2026-08-16 11:23:45.342168
P000019,Laptop,Home,520.22,TechSupply Ltd,2026-08-16 11:23:45.342169
P000020,Running Shoes,Beauty,618.57,UK Wholesale,2026-08-16 11:23:45.342170
P000021,Laptop,Clothing,656.19,HomeGoods Ltd,2026-08-16 11:23:45.342172
P000022,Headphones,Beauty,177.03,TechSupply Ltd,2026-08-16 11:23:45.342173
P000023,Coffee Mug,Sports,343.15,HomeGoods Ltd,2026-08-16 11:23:45.342175
P000024,Backpack,Electronics,196.8,Global Supplies,2026-08-16 11:23:45.342177
P000025,Headphones,Clothing,862.67,HomeGoods Ltd,2026-08-16 11:23:45.342179
P000026,Keyboard,Home,135.64,HomeGoods Ltd,2026-08-16 11:23:45.342181
P000027,Laptop,Books,635.73,TechSupply Ltd,2026-08-16 11:23:45.342182
P000028,Backpack,Electronics,543.38,UK Wholesale,2026-08-16 11:23:45.342184
P000029,T-Shirt,Electronics,204.56,TechSupply Ltd,2026-08-16 11:23:45.342185
P000030,Smartphone,Home,125.73,Global Supplies,2026-08-16 11:23:45.342186
P000031,Headphones,Beauty,286.02,UK Wholesale,2026-08-16 11:23:45.342189
P000032,Backpack,Home,37.72,TechSupply Ltd,2026-08-16 11:23:45.342190
P000033,Keyboard,Sports,853.09,TechSupply Ltd,2026-08-16 11:23:45.342192
P000034,Monitor,Home,468.99,Global Supplies,2026-08-16 11:23:45.342193
P000035,T-Shirt,Books,112.78,TechSupply Ltd,2026-08-16 11:23:45.342195
P000036,T-Shirt,Clothing,754.8,TechSupply Ltd,2026-08-16 11:23:45.342196
P000037,Running Shoes,Books,756.2,HomeGoods Ltd,2026-08-16 11:23:45.342197
P000038,Smartphone,Electronics,772.31,Global Supplies,2026-08-16 11:23:45.342199
P000039,T-Shirt,Electronics,987.41,Global Supplies,2026-08-16 11:23:45.342200
P000040,Monitor,Sports,119.04,TechSupply Ltd,2026-08-16 11:23:45.342202
P000041,Backpack,Electronics,276.46,TechSupply Ltd,2026-08-16 11:23:45.342204
P000042,Running Shoes,Clothing,258.47,HomeGoods Ltd,2026-08-16 11:23:45.342206
P000043,Keyboard,Clothing,159.69,UK Wholesale,2026-08-16 11:23:45.342207
P000044,Mouse,Books,276.99,HomeGoods Ltd,2026-08-16 11:23:45.342209
P000045,T-Shirt,Books,798.85,UK Wholesale,2026-08-16 11:23:45.342210
P000046,Monitor,Books,876.54,UK Wholesale,2026-08-16 11:23:45.342211
P000047,Coffee Mug,Home,582.71,Global Supplies,2026-08-16 11:23:45.342213
P000048,Keyboard,Home,560.3,TechSupply Ltd,2026-08-16 11:23:45.342214
P000049,Running Shoes,Clothing,512.46,UK Wholesale,2026-08-16 11:23:45.342216
P000050,Monitor,Books,399.29,TechSupply Ltd,2026-08-16 11:23:45.342217
P000051,Laptop,Books,755.87,Global Supplies,2026-08-16 11:23:45.342219
P000052,Laptop,Home,766.76,UK Wholesale,2026-08-16 11:23:45.342221
P000053,Laptop,Sports,207.89,Global Supplies,2026-08-16 11:23:45.342222
P000054,T-Shirt,Books,816.28,HomeGoods Ltd,2026-08-16 11:23:45.342224
P000055,Mouse,Books,491.8,UK Wholesale,2026-08-16 11:23:45.342225
P000056,Mouse,Clothing,893.74,UK Wholesale,2026-08-16 11:23:45.342227
P000057,Keyboard,Electronics,679.71,UK Wholesale,2026-08-16 11:23:45.342228
P000058,Monitor,Clothing,135.09,TechSupply Ltd,2026-08-16 11:23:45.342229
P000059,Smartphone,Clothing,737.53,UK Wholesale,2026-08-16 11:23:45.342231
P000060,Smartphone,Sports,752.6,UK Wholesale,2026-08-16 11:23:45.342232
P000061,T-Shirt,Beauty,839.61,TechSupply Ltd,2026-08-16 11:23:45.342234
P000062,Coffee Mug,Sports,25.3,UK Wholesale,2026-08-16 11:23:45.342235
P000063,Running Shoes,Home,199.53,TechSupply Ltd,2026-08-16 11:23:45.342237
P000064,Laptop,Clothing,641.86,Global Supplies,2026-08-16 11:23:45.342238
P000065,Coffee Mug,Books,795.67,Global Supplies,2026-08-16 11:23:45.342239
P000066,Smartphone,Sports,111.66,Global Supplies,2026-08-16 11:23:45.342241
P000067,Running Shoes,Books,877.51,Global Supplies,2026-08-16 11:23:45.342242
P000068,Smartphone,Beauty,753.26,Global Supplies,2026-08-16 11:23:45.342244
P000069,Coffee Mug,Home,614.33,UK Wholesale,2026-08-16 11:23:45.342245
P000070,Headphones,Sports,334.17,HomeGoods Ltd,2026-08-16 11:23:45.342248
P000071,Coffee Mug,Sports,663.11,TechSupply Ltd,2026-08-16 11:23:45.342249
P000072,Headphones,Beauty,640.65,Global Supplies,2026-08-16 11:23:45.342251
P000073,Backpack,Electronics,188.41,HomeGoods Ltd,2026-08-16 11:23:45.342252
P000074,Headphones,Books,445.76,Global Supplies,2026-08-16 11:23:45.342253
P000075,Mouse,Sports,12.61,UK Wholesale,2026-08-16 11:23:45.342255
P000076,Keyboard,Home,315.22,HomeGoods Ltd,2026-08-16 11:23:45.342256
P000077,Headphones,Beauty,273.4,TechSupply Ltd,2026-08-16 11:23:45.342258
P000078,Monitor,Sports,101.19,UK Wholesale,2026-08-16 11:23:45.342260
P000079,Monitor,Sports,275.19,Global Supplies,2026-08-16 11:23:45.342261
P000080,Keyboard,Sports,62.84,HomeGoods Ltd,2026-08-16 11:23:45.342263
P000081,T-Shirt,Home,76.23,UK Wholesale,2026-08-16 11:23:45.342264
P000082,Laptop,Electronics,142.98,TechSupply Ltd,2026-08-16 11:23:45.342266
P000083,Headphones,Books,573.96,HomeGoods Ltd,2026-08-16 11:23:45.342267
P000084,Monitor,Beauty,127.51,UK Wholesale,2026-08-16 11:23:45.342269
P000085,Smartphone,Beauty,404.88,UK Wholesale,2026-08-16 11:23:45.342270
P000086,Laptop,Books,907.99,Global Supplies,2026-08-16 11:23:45.342272
P000087,Smartphone,Beauty,170.96,UK Wholesale,2026-08-16 11:23:45.342273
P000088,Laptop,Home,346.9,Global Supplies,2026-08-16 11:23:45.342276
P000089,Running Shoes,Clothing,567.37,Global Supplies,2026-08-16 11:23:45.342277
P000090,Monitor,Home,651.6,Global Supplies,2026-08-16 11:23:45.342279
P000091,Coffee Mug,Electronics,587.8,Global Supplies,2026-08-16 11:23:45.342280
P000092,Headphones,Books,95.04,HomeGoods Ltd,2026-08-16 11:23:45.342281
P000093,T-Shirt,Sports,510.26,TechSupply Ltd,2026-08-16 11:23:45.342283
P000094,Keyboard,Books,902.75,UK Wholesale,2026-08-16 11:23:45.342285
P000095,Mouse,Clothing,252.28,Global Supplies,2026-08-16 11:23:45.342286
P000096,Running Shoes,Beauty,848.96,TechSupply Ltd,2026-08-16 11:23:45.342288
P000097,Coffee Mug,Electronics,995.84,TechSupply Ltd,2026-08-16 11:23:45.342289
P000098,Running Shoes,Beauty,167.1,HomeGoods Ltd,2026-08-16 11:23:45.342291
P000099,Running Shoes,Clothing,300.33,HomeGoods Ltd,2026-08-16 11:23:45.342292
P000100,Keyboard,Beauty,942.44,Global Supplies,2026-08-16 11:23:45.342294
P000101,Smartphone,Electronics,775.7,Global Supplies,2026-08-16 11:23:45.342295
P000102,Keyboard,Clothing,686.35,Global Supplies,2026-08-16 11:23:45.342297
P000103,Coffee Mug,Sports,306.66,TechSupply Ltd,2026-08-16 11:23:45.342298
P000104,Keyboard,Clothing,549.93,HomeGoods Ltd,2026-08-16 11:23:45.342299
P000105,Keyboard,Home,307.84,UK Wholesale,2026-08-16 11:23:45.342301
P000106,Smartphone,Clothing,90.95,HomeGoods Ltd,2026-08-16 11:23:45.342302
P000107,Smartphone,Home,79.11,Global Supplies,2026-08-16 11:23:45.342303
P000108,Monitor,Sports,616.32,HomeGoods Ltd,2026-08-16 11:23:45.342305
P000109,Backpack,Electronics,322.02,HomeGoods Ltd,2026-08-16 11:23:45.342307
P000110,T-Shirt,Home,210.9,HomeGoods Ltd,2026-08-16 11:23:45.342309
P000111,Running Shoes,Beauty,149.95,TechSupply Ltd,2026-08-16 11:23:45.342310
P000112,T-Shirt,Home,868.44,TechSupply Ltd,2026-08-16 11:23:45.342312
P000113,Keyboard,Beauty,420.13,TechSupply Ltd,2026-08-16 11:23:45.342313
P000114,Laptop,Electronics,845.61,HomeGoods Ltd,2026-08-16 11:23:45.342314
P000115,Smartphone,Beauty,563.16,UK Wholesale,2026-08-16 11:23:45.342316
P000116,Smartphone,Books,705.27,TechSupply Ltd,2026-08-16 11:23:45.342317
P000117,Smartphone,Books,60.29,Global Supplies,2026-08-16 11:23:45.342318
P000118,Running Shoes,Electronics,503.03,TechSupply Ltd,2026-08-16 11:23:45.342320
P000119,Laptop,Clothing,17.34,HomeGoods Ltd,2026-08-16 11:23:45.342321
P000120,Mouse,Home,440.93,UK Wholesale,2026-08-16 11:23:45.342323
P000121,Backpack,Home,633.84,Global Supplies,2026-08-16 11:23:45.342324
P000122,Backpack,Clothing,519.68,HomeGoods Ltd,2026-08-16 11:23:45.342325
P000123,Smartphone,Beauty,681.2,UK Wholesale,2026-08-16 11:23:45.342327
P000124,Running Shoes,Books,437.69,TechSupply Ltd,2026-08-16 11:23:45.342328
P000125,Coffee Mug,Sports,562.84,Global Supplies,2026-08-16 11:23:45.342330
P000126,Headphones,Clothing,479.58,UK Wholesale,2026-08-16 11:23:45.342331
P000127,T-Shirt,Books,266.47,Global Supplies,2026-08-16 11:23:45.342333
P000128,Backpack,Clothing,788.0,TechSupply Ltd,2026-08-16 11:23:45.342334
P000129,Mouse,Home,688.16,Global Supplies,2026-08-16 11:23:45.342337
P000130,Running Shoes,Electronics,955.98,UK Wholesale,2026-08-16 11:23:45.342338
P000131,Running Shoes,Clothing,113.72,UK Wholesale,2026-08-16 11:23:45.342340
P000132,Monitor,Clothing,651.92,TechSupply Ltd,2026-08-16 11:23:45.342341
P000133,Mouse,Sports,229.24,HomeGoods Ltd,2026-08-16 11:23:45.342342
P000134,Smartphone,Books,928.25,Global Supplies,2026-08-16 11:23:45.342344
P000135,Keyboard,Books,213.71,UK Wholesale,2026-08-16 11:23:45.342345
P000136,Smartphone,Electronics,637.12,UK Wholesale,2026-08-16 11:23:45.342347
P000137,Coffee Mug,Home,396.74,Global Supplies,2026-08-16 11:23:45.342348
P000138,Smartphone,Sports,295.23,Global Supplies,2026-08-16 11:23:45.342349
P000139,T-Shirt,Electronics,431.93,TechSupply Ltd,2026-08-16 11:23:45.342351
P000140,Backpack,Books,603.1,UK Wholesale,2026-08-16 11:23:45.342352
P000141,Monitor,Sports,61.27,Global Supplies,2026-08-16 11:23:45.342353
P000142,Smartphone,Sports,551.44,Global Supplies,2026-08-16 11:23:45.342355
P000143,Monitor,Sports,449.51,HomeGoods Ltd,2026-08-16 11:23:45.342356
P000144,Mouse,Sports,593.72,UK Wholesale,2026-08-16 11:23:45.342358
P000145,Laptop,Beauty,456.47,TechSupply Ltd,2026-08-16 11:23:45.342360
P000146,Monitor,Electronics,25.51,TechSupply Ltd,2026-08-16 11:23:45.342362
P000147,Backpack,Sports,883.6,HomeGoods Ltd,2026-08-16 11:23:45.342363
P000148,Keyboard,Beauty,991.23,UK Wholesale,2026-08-16 11:23:45.342366
P000149,Backpack,Books,13.8,Global Supplies,2026-08-16 11:23:45.342367
P000150,Smartphone,Sports,61.58,Global Supplies,2026-08-16 11:23:45.342369
P000151,Keyboard,Electronics,887.43,Global Supplies,2026-08-16 11:23:45.342370
P000152,Coffee Mug,Clothing,36.37,TechSupply Ltd,2026-08-16 11:23:45.342372
P000153,Smartphone,Home,328.19,TechSupply Ltd,2026-08-16 11:23:45.342374
P000154,Mouse,Electronics,197.54,Global Supplies,2026-08-16 11:23:45.342375
P000155,Laptop,Books,418.01,HomeGoods Ltd,2026-08-16 11:23:45.342377
P000156,Coffee Mug,Clothing,705.35,HomeGoods Ltd,2026-08-16 11:23:45.342378
P000157,Headphones,Beauty,911.05,Global Supplies,2026-08-16 11:23:45.342380
P000158,Mouse,Clothing,598.29,HomeGoods Ltd,2026-08-16 11:23:45.342381
P000159,Headphones,Clothing,407.98,Global Supplies,2026-08-16 11:23:45.342383
P000160,Smartphone,Electronics,976.29,HomeGoods Ltd,2026-08-16 11:23:45.342384
P000161,Smartphone,Beauty,331.47,TechSupply Ltd,2026-08-16 11:23:45.342385
P000162,Running Shoes,Sports,615.85,HomeGoods Ltd,2026-08-16 11:23:45.342387
P000163,T-Shirt,Beauty,176.76,TechSupply Ltd,2026-08-16 11:23:45.342388
P000164,T-Shirt,Beauty,859.58,HomeGoods Ltd,2026-08-16 11:23:45.342390
P000165,Keyboard,Books,796.78,HomeGoods Ltd,2026-08-16 11:23:45.342391
P000166,Laptop,Home,224.85,HomeGoods Ltd,2026-08-16 11:23:45.342393
P000167,Keyboard,Books,162.73,UK Wholesale,2026-08-16 11:23:45.342394
P000168,Smartphone,Sports,504.99,UK Wholesale,2026-08-16 11:23:45.342397
P000169,Mouse,Electronics,488.26,Global Supplies,2026-08-16 11:23:45.342399
P000170,Mouse,Beauty,622.15,UK Wholesale,2026-08-16 11:23:45.342400
P000171,Running Shoes,Beauty,166.03,TechSupply Ltd,2026-08-16 11:23:45.342402
P000172,T-Shirt,Home,581.39,HomeGoods Ltd,2026-08-16 11:23:45.342403
P000173,Headphones,Clothing,610.57,HomeGoods Ltd,2026-08-16 11:23:45.342404
P000174,Running Shoes,Beauty,23.13,TechSupply Ltd,2026-08-16 11:23:45.342406
P000175,Monitor,Beauty,221.49,HomeGoods Ltd,2026-08-16 11:23:45.342408
P000176,Headphones,Clothing,427.67,Global Supplies,2026-08-16 11:23:45.342409
P000177,Smartphone,Home,953.65,Global Supplies,2026-08-16 11:23:45.342411
P000178,Monitor,Sports,440.55,TechSupply Ltd,2026-08-16 11:23:45.342412
P000179,Laptop,Electronics,59.65,Global Supplies,2026-08-16 11:23:45.342414
P000180,Running Shoes,Electronics,841.38,UK Wholesale,2026-08-16 11:23:45.342415
P000181,Mouse,Sports,273.87,HomeGoods Ltd,2026-08-16 11:23:45.342417
P000182,Monitor,Electronics,360.16,TechSupply Ltd,2026-08-16 11:23:45.342418
P000183,Backpack,Clothing,947.51,TechSupply Ltd,2026-08-16 11:23:45.342419
P000184,Mouse,Books,293.59,UK Wholesale,2026-08-16 11:23:45.342421
P000185,Headphones,Sports,535.64,HomeGoods Ltd,2026-08-16 11:23:45.342422
P000186,Mouse,Home,592.47,HomeGoods Ltd,2026-08-16 11:23:45.342424
P000187,Backpack,Home,715.95,TechSupply Ltd,2026-08-16 11:23:45.342426
P000188,Backpack,Sports,516.46,Global Supplies,2026-08-16 11:23:45.342428
P000189,Laptop,Sports,95.22,UK Wholesale,2026-08-16 11:23:45.342429
P000190,T-Shirt,Sports,555.41,Global Supplies,2026-08-16 11:23:45.342431
P000191,Monitor,Sports,724.87,TechSupply Ltd,2026-08-16 11:23:45.342432
P000192,Coffee Mug,Beauty,802.81,Global Supplies,2026-08-16 11:23:45.342434
P000193,Backpack,Home,770.13,TechSupply Ltd,2026-08-16 11:23:45.342435
P000194,Backpack,Electronics,441.72,HomeGoods Ltd,2026-08-16 11:23:45.342437
P000195,Keyboard,Sports,390.01,UK Wholesale,2026-08-16 11:23:45.342438
P000196,Running Shoes,Books,795.83,UK Wholesale,2026-08-16 11:23:45.342439
P000197,Running Shoes,Electronics,286.28,TechSupply Ltd,2026-08-16 11:23:45.342441
P000198,Smartphone,Books,777.79,TechSupply Ltd,2026-08-16 11:23:45.342442
P000199,Smartphone,Electronics,857.86,Global Supplies,2026-08-16 11:23:45.342443
P000200,Mouse,Books,789.09,UK Wholesale,2026-08-16 11:23:45.342445
P000201,Mouse,Clothing,241.98,UK Wholesale,2026-08-16 11:23:45.342446
P000202,Running Shoes,Clothing,496.68,HomeGoods Ltd,2026-08-16 11:23:45.342448
P000203,Laptop,Home,963.31,HomeGoods Ltd,2026-08-16 11:23:45.342450
P000204,Keyboard,Books,705.1,Global Supplies,2026-08-16 11:23:45.342451
P000205,Running Shoes,Electronics,248.23,TechSupply Ltd,2026-08-16 11:23:45.342452
P000206,Smartphone,Sports,918.86,HomeGoods Ltd,2026-08-16 11:23:45.342454
P000207,Running Shoes,Clothing,883.99,Global Supplies,2026-08-16 11:23:45.342457
P000208,Headphones,Books,953.77,UK Wholesale,2026-08-16 11:23:45.342458
P000209,Coffee Mug,Clothing,810.11,UK Wholesale,2026-08-16 11:23:45.342459
P000210,Laptop,Clothing,80.69,UK Wholesale,2026-08-16 11:23:45.342462
P000211,Mouse,Clothing,65.14,HomeGoods Ltd,2026-08-16 11:23:45.342463
P000212,Monitor,Clothing,817.13,Global Supplies,2026-08-16 11:23:45.342465
P000213,Smartphone,Electronics,790.74,Global Supplies,2026-08-16 11:23:45.342466
P000214,Monitor,Books,567.33,UK Wholesale,2026-08-16 11:23:45.342467
P000215,Keyboard,Books,703.47,Global Supplies,2026-08-16 11:23:45.342469
P000216,Keyboard,Beauty,652.77,Global Supplies,2026-08-16 11:23:45.342471
P000217,Laptop,Books,255.35,Global Supplies,2026-08-16 11:23:45.342473
P000218,Smartphone,Clothing,407.01,Global Supplies,2026-08-16 11:23:45.342474
P000219,Running Shoes,Clothing,975.2,HomeGoods Ltd,2026-08-16 11:23:45.342476
P000220,Keyboard,Beauty,146.65,HomeGoods Ltd,2026-08-16 11:23:45.342477
P000221,Monitor,Sports,726.65,TechSupply Ltd,2026-08-16 11:23:45.342479
P000222,Backpack,Beauty,769.9,Global Supplies,2026-08-16 11:23:45.342480
P000223,Running Shoes,Home,187.74,Global Supplies,2026-08-16 11:23:45.342481
P000224,Keyboard,Beauty,323.09,UK Wholesale,2026-08-16 11:23:45.342483
P000225,Monitor,Books,224.42,Global Supplies,2026-08-16 11:23:45.342485
P000226,Smartphone,Sports,267.97,Global Supplies,2026-08-16 11:23:45.342487
P000227,Monitor,Electronics,807.99,UK Wholesale,2026-08-16 11:23:45.342488
P000228,T-Shirt,Books,541.17,UK Wholesale,2026-08-16 11:23:45.342490
P000229,Monitor,Sports,408.81,Global Supplies,2026-08-16 11:23:45.342491
P000230,Backpack,Beauty,246.14,HomeGoods Ltd,2026-08-16 11:23:45.342492
P000231,Mouse,Home,859.33,Global Supplies,2026-08-16 11:23:45.342494
P000232,Coffee Mug,Clothing,189.38,TechSupply Ltd,2026-08-16 11:23:45.342495
P000233,Mouse,Beauty,449.99,UK Wholesale,2026-08-16 11:23:45.342497
P000234,Monitor,Books,929.94,TechSupply Ltd,2026-08-16 11:23:45.342499
P000235,Smartphone,Home,180.02,Global Supplies,2026-08-16 11:23:45.342500
P000236,Running Shoes,Sports,499.25,Global Supplies,2026-08-16 11:23:45.342502
P000237,Headphones,Books,168.07,UK Wholesale,2026-08-16 11:23:45.342503
P000238,Running Shoes,Books,920.54,Global Supplies,2026-08-16 11:23:45.342504
P000239,Backpack,Clothing,629.49,Global Supplies,2026-08-16 11:23:45.342506
P000240,Headphones,Beauty,926.4,UK Wholesale,2026-08-16 11:23:45.342507
P000241,Backpack,Sports,683.46,Global Supplies,2026-08-16 11:23:45.342509
P000242,Laptop,Sports,434.14,TechSupply Ltd,2026-08-16 11:23:45.342510
P000243,Laptop,Clothing,147.27,UK Wholesale,2026-08-16 11:23:45.342511
P000244,Backpack,Sports,441.0,Global Supplies,2026-08-16 11:23:45.342513
P000245,Keyboard,Books,989.74,TechSupply Ltd,2026-08-16 11:23:45.342515
P000246,Smartphone,Books,930.32,Global Supplies,2026-08-16 11:23:45.342517
P000247,Laptop,Clothing,573.82,TechSupply Ltd,2026-08-16 11:23:45.342519
P000248,Running Shoes,Clothing,341.82,HomeGoods Ltd,2026-08-16 11:23:45.342520
P000249,Keyboard,Clothing,613.74,Global Supplies,2026-08-16 11:23:45.342521
P000250,Smartphone,Books,57.34,UK Wholesale,2026-08-16 11:23:45.342523
P000251,Monitor,Clothing,335.49,TechSupply Ltd,2026-08-16 11:23:45.342524
P000252,Mouse,Home,630.49,UK Wholesale,2026-08-16 11:23:45.342526
P000253,Keyboard,Home,286.08,UK Wholesale,2026-08-16 11:23:45.342528
P000254,Keyboard,Books,779.86,Global Supplies,2026-08-16 11:23:45.342530
P000255,Running Shoes,Clothing,471.49,HomeGoods Ltd,2026-08-16 11:23:45.342531
P000256,Keyboard,Home,465.57,HomeGoods Ltd,2026-08-16 11:23:45.342533
P000257,Monitor,Books,695.7,TechSupply Ltd,2026-08-16 11:23:45.342534
P000258,T-Shirt,Sports,58.4,HomeGoods Ltd,2026-08-16 11:23:45.342536
P000259,Headphones,Books,834.94,Global Supplies,2026-08-16 11:23:45.342537
P000260,Coffee Mug,Home,284.11,UK Wholesale,2026-08-16 11:23:45.342539
P000261,Monitor,Books,679.35,TechSupply Ltd,2026-08-16 11:23:45.342540
P000262,Smartphone,Sports,482.24,Global Supplies,2026-08-16 11:23:45.342542
P000263,Monitor,Home,777.57,UK Wholesale,2026-08-16 11:23:45.342543
P000264,Mouse,Books,185.73,HomeGoods Ltd,2026-08-16 11:23:45.342544
P000265,Mouse,Sports,504.22,Global Supplies,2026-08-16 11:23:45.342547
P000266,Backpack,Home,965.48,HomeGoods Ltd,2026-08-16 11:23:45.342548
P000267,Mouse,Clothing,34.64,UK Wholesale,2026-08-16 11:23:45.342550
P000268,Running Shoes,Home,355.69,UK Wholesale,2026-08-16 11:23:45.342551
P000269,Coffee Mug,Sports,319.53,UK Wholesale,2026-08-16 11:23:45.342553
P000270,Running Shoes,Sports,929.22,UK Wholesale,2026-08-16 11:23:45.342555
P000271,Smartphone,Clothing,91.92,Global Supplies,2026-08-16 11:23:45.342556
P000272,Mouse,Home,89.02,TechSupply Ltd,2026-08-16 11:23:45.342558
P000273,Keyboard,Home,43.07,Global Supplies,2026-08-16 11:23:45.342559
P000274,Headphones,Home,956.05,Global Supplies,2026-08-16 11:23:45.342561
P000275,Smartphone,Books,478.32,UK Wholesale,2026-08-16 11:23:45.342562
P000276,Backpack,Clothing,704.18,UK Wholesale,2026-08-16 11:23:45.342564
P000277,Keyboard,Home,171.76,Global Supplies,2026-08-16 11:23:45.342565
P000278,Keyboard,Sports,683.11,Global Supplies,2026-08-16 11:23:45.342567
P000279,T-Shirt,Clothing,470.39,Global Supplies,2026-08-16 11:23:45.342568
P000280,Smartphone,Sports,41.9,Global Supplies,2026-08-16 11:23:45.342571
P000281,Keyboard,Beauty,247.58,Global Supplies,2026-08-16 11:23:45.342572
P000282,Keyboard,Books,19.79,HomeGoods Ltd,2026-08-16 11:23:45.342573
P000283,Monitor,Books,908.77,TechSupply Ltd,2026-08-16 11:23:45.342575
P000284,Running Shoes,Home,707.38,HomeGoods Ltd,2026-08-16 11:23:45.342577
P000285,Keyboard,Home,728.57,TechSupply Ltd,2026-08-16 11:23:45.342579
P000286,Headphones,Electronics,748.24,HomeGoods Ltd,2026-08-16 11:23:45.342580
P000287,T-Shirt,Sports,722.08,Global Supplies,2026-08-16 11:23:45.342582
P000288,T-Shirt,Home,969.2,Global Supplies,2026-08-16 11:23:45.342583
P000289,Monitor,Books,861.93,HomeGoods Ltd,2026-08-16 11:23:45.342585
P000290,Running Shoes,Home,839.68,UK Wholesale,2026-08-16 11:23:45.342586
P000291,Laptop,Electronics,106.25,HomeGoods Ltd,2026-08-16 11:23:45.342587
P000292,Headphones,Books,75.1,UK Wholesale,2026-08-16 11:23:45.342589
P000293,Keyboard,Home,416.42,Global Supplies,2026-08-16 11:23:45.342590
P000294,Monitor,Sports,68.41,TechSupply Ltd,2026-08-16 11:23:45.342592
P000295,Backpack,Clothing,62.62,TechSupply Ltd,2026-08-16 11:23:45.342594
P000296,T-Shirt,Beauty,765.29,Global Supplies,2026-08-16 11:23:45.342595
P000297,Mouse,Home,12.35,HomeGoods Ltd,2026-08-16 11:23:45.342597
P000298,Mouse,Electronics,897.95,UK Wholesale,2026-08-16 11:23:45.342598
P000299,Running Shoes,Clothing,657.92,Global Supplies,2026-08-16 11:23:45.342600
P000300,Coffee Mug,Electronics,22.32,UK Wholesale,2026-08-16 11:23:45.342601
P000301,Coffee Mug,Electronics,679.0,Global Supplies,2026-08-16 11:23:45.342603
P000302,Keyboard,Beauty,150.88,HomeGoods Ltd,2026-08-16 11:23:45.342604
P000303,Headphones,Books,746.81,TechSupply Ltd,2026-08-16 11:23:45.342605
P000304,T-Shirt,Clothing,637.06,Global Supplies,2026-08-16 11:23:45.342607
P000305,Headphones,Home,231.66,Global Supplies,2026-08-16 11:23:45.342609
P000306,Headphones,Electronics,42.2,UK Wholesale,2026-08-16 11:23:45.342611
P000307,Coffee Mug,Sports,676.16,HomeGoods Ltd,2026-08-16 11:23:45.342612
P000308,Laptop,Clothing,242.12,UK Wholesale,2026-08-16 11:23:45.342614
P000309,Monitor,Books,75.6,TechSupply Ltd,2026-08-16 11:23:45.342615
P000310,Monitor,Beauty,122.36,UK Wholesale,2026-08-16 11:23:45.342617
P000311,Running Shoes,Home,368.15,HomeGoods Ltd,2026-08-16 11:23:45.342618
P000312,Mouse,Electronics,693.11,TechSupply Ltd,2026-08-16 11:23:45.342620
P000313,Coffee Mug,Beauty,564.69,Global Supplies,2026-08-16 11:23:45.342621
P000314,Mouse,Books,586.06,UK Wholesale,2026-08-16 11:23:45.342623
P000315,Monitor,Sports,978.16,TechSupply Ltd,2026-08-16 11:23:45.342624
P000316,Running Shoes,Electronics,683.02,TechSupply Ltd,2026-08-16 11:23:45.342626
P000317,Headphones,Electronics,623.96,HomeGoods Ltd,2026-08-16 11:23:45.342627
P000318,Backpack,Beauty,526.57,UK Wholesale,2026-08-16 11:23:45.342629
P000319,Headphones,Clothing,586.77,TechSupply Ltd,2026-08-16 11:23:45.342630
P000320,Running Shoes,Electronics,638.67,HomeGoods Ltd,2026-08-16 11:23:45.342631
P000321,Keyboard,Clothing,939.58,HomeGoods Ltd,2026-08-16 11:23:45.342633
P000322,Running Shoes,Electronics,422.98,UK Wholesale,2026-08-16 11:23:45.342634
P000323,Headphones,Clothing,571.41,UK Wholesale,2026-08-16 11:23:45.342635
P000324,Backpack,Clothing,938.81,HomeGoods Ltd,2026-08-16 11:23:45.342638
P000325,Mouse,Beauty,363.29,TechSupply Ltd,2026-08-16 11:23:45.342639
P000326,Laptop,Books,908.27,HomeGoods Ltd,2026-08-16 11:23:45.342641
P000327,Laptop,Books,570.38,TechSupply Ltd,2026-08-16 11:23:45.342642
P000328,Laptop,Home,414.59,HomeGoods Ltd,2026-08-16 11:23:45.342644
P000329,Backpack,Books,95.74,UK Wholesale,2026-08-16 11:23:45.342645
P000330,Mouse,Home,330.56,TechSupply Ltd,2026-08-16 11:23:45.342647
P000331,Headphones,Electronics,164.33,HomeGoods Ltd,2026-08-16 11:23:45.342648
P000332,Monitor,Electronics,971.08,TechSupply Ltd,2026-08-16 11:23:45.342650
P000333,Running Shoes,Beauty,466.51,Global Supplies,2026-08-16 11:23:45.342651
P000334,Headphones,Home,588.93,Global Supplies,2026-08-16 11:23:45.342653
P000335,Coffee Mug,Beauty,380.28,HomeGoods Ltd,2026-08-16 11:23:45.342655
P000336,Mouse,Clothing,276.9,TechSupply Ltd,2026-08-16 11:23:45.342657
P000337,T-Shirt,Electronics,763.44,HomeGoods Ltd,2026-08-16 11:23:45.342658
P000338,Coffee Mug,Clothing,736.31,UK Wholesale,2026-08-16 11:23:45.342661
P000339,Smartphone,Sports,994.54,UK Wholesale,2026-08-16 11:23:45.342662
P000340,Running Shoes,Books,19.97,HomeGoods Ltd,2026-08-16 11:23:45.342664
P000341,Smartphone,Clothing,246.96,HomeGoods Ltd,2026-08-16 11:23:45.342665
P000342,Smartphone,Sports,209.68,HomeGoods Ltd,2026-08-16 11:23:45.342667
P000343,Running Shoes,Electronics,257.83,TechSupply Ltd,2026-08-16 11:23:45.342670
P000344,Smartphone,Electronics,279.8,TechSupply Ltd,2026-08-16 11:23:45.342671
P000345,Coffee Mug,Books,532.31,HomeGoods Ltd,2026-08-16 11:23:45.342672
P000346,T-Shirt,Home,726.36,TechSupply Ltd,2026-08-16 11:23:45.342674
P000347,Laptop,Electronics,104.56,HomeGoods Ltd,2026-08-16 11:23:45.342675
P000348,Keyboard,Electronics,268.3,UK Wholesale,2026-08-16 11:23:45.342677
P000349,Monitor,Sports,693.24,Global Supplies,2026-08-16 11:23:45.342678
P000350,Mouse,Books,255.9,UK Wholesale,2026-08-16 11:23:45.342679
P000351,Headphones,Clothing,458.06,UK Wholesale,2026-08-16 11:23:45.342681
P000352,T-Shirt,Sports,251.87,UK Wholesale,2026-08-16 11:23:45.342682
P000353,Monitor,Sports,724.02,Global Supplies,2026-08-16 11:23:45.342684
P000354,Coffee Mug,Books,391.62,Global Supplies,2026-08-16 11:23:45.342686
P000355,T-Shirt,Beauty,877.36,HomeGoods Ltd,2026-08-16 11:23:45.342687
P000356,Mouse,Books,416.37,TechSupply Ltd,2026-08-16 11:23:45.342689
P000357,Headphones,Sports,920.13,HomeGoods Ltd,2026-08-16 11:23:45.342690
P000358,Laptop,Clothing,486.04,Global Supplies,2026-08-16 11:23:45.342691
P000359,Headphones,Home,925.78,HomeGoods Ltd,2026-08-16 11:23:45.342693
P000360,Laptop,Sports,930.51,HomeGoods Ltd,2026-08-16 11:23:45.342694
P000361,Monitor,Clothing,51.63,TechSupply Ltd,2026-08-16 11:23:45.342696
P000362,Mouse,Books,539.25,Global Supplies,2026-08-16 11:23:45.342705
P000363,Keyboard,Clothing,118.94,Global Supplies,2026-08-16 11:23:45.342707
P000364,Headphones,Sports,918.16,UK Wholesale,2026-08-16 11:23:45.342709
P000365,Running Shoes,Books,251.3,HomeGoods Ltd,2026-08-16 11:23:45.342710
P000366,T-Shirt,Clothing,351.99,TechSupply Ltd,2026-08-16 11:23:45.342712
P000367,Mouse,Electronics,433.88,UK Wholesale,2026-08-16 11:23:45.342713
P000368,Monitor,Sports,422.78,HomeGoods Ltd,2026-08-16 11:23:45.342715
P000369,Coffee Mug,Home,140.58,TechSupply Ltd,2026-08-16 11:23:45.342716
P000370,Running Shoes,Beauty,487.75,TechSupply Ltd,2026-08-16 11:23:45.342718
P000371,Keyboard,Books,149.57,UK Wholesale,2026-08-16 11:23:45.342719
P000372,Laptop,Clothing,173.59,UK Wholesale,2026-08-16 11:23:45.342720
P000373,Laptop,Clothing,384.73,TechSupply Ltd,2026-08-16 11:23:45.342722
P000374,Headphones,Sports,442.98,HomeGoods Ltd,2026-08-16 11:23:45.342723
P000375,Smartphone,Home,521.15,HomeGoods Ltd,2026-08-16 11:23:45.342725
P000376,Mouse,Books,985.72,Global Supplies,2026-08-16 11:23:45.342726
P000377,Laptop,Beauty,302.31,TechSupply Ltd,2026-08-16 11:23:45.342728
P000378,Coffee Mug,Home,282.96,Global Supplies,2026-08-16 11:23:45.342729
P000379,Backpack,Clothing,474.25,TechSupply Ltd,2026-08-16 11:23:45.342731
P000380,Headphones,Home,132.74,Global Supplies,2026-08-16 11:23:45.342733
P000381,T-Shirt,Home,650.03,TechSupply Ltd,2026-08-16 11:23:45.342735
P000382,T-Shirt,Clothing,223.96,UK Wholesale,2026-08-16 11:23:45.342737
P000383,T-Shirt,Electronics,537.27,Global Supplies,2026-08-16 11:23:45.342738
P000384,Keyboard,Home,952.6,TechSupply Ltd,2026-08-16 11:23:45.342740
P000385,T-Shirt,Clothing,665.96,HomeGoods Ltd,2026-08-16 11:23:45.342741
P000386,Coffee Mug,Electronics,43.44,Global Supplies,2026-08-16 11:23:45.342743
P000387,Running Shoes,Books,371.51,Global Supplies,2026-08-16 11:23:45.342744
P000388,Running Shoes,Electronics,989.26,HomeGoods Ltd,2026-08-16 11:23:45.342745
P000389,Running Shoes,Sports,492.95,HomeGoods Ltd,2026-08-16 11:23:45.342747
P000390,Smartphone,Sports,744.91,UK Wholesale,2026-08-16 11:23:45.342748
P000391,T-Shirt,Clothing,790.98,HomeGoods Ltd,2026-08-16 11:23:45.342750
P000392,Keyboard,Home,686.15,UK Wholesale,2026-08-16 11:23:45.342751
P000393,Monitor,Books,627.3,Global Supplies,2026-08-16 11:23:45.342752
P000394,Running Shoes,Electronics,262.82,HomeGoods Ltd,2026-08-16 11:23:45.342754
P000395,Keyboard,Home,708.76,UK Wholesale,2026-08-16 11:23:45.342755
P000396,Smartphone,Home,225.69,UK Wholesale,2026-08-16 11:23:45.342757
P000397,Keyboard,Home,671.38,UK Wholesale,2026-08-16 11:23:45.342758
P000398,Backpack,Home,989.14,TechSupply Ltd,2026-08-16 11:23:45.342760
P000399,Mouse,Books,354.56,HomeGoods Ltd,2026-08-16 11:23:45.342761
P000400,Mouse,Home,533.39,HomeGoods Ltd,2026-08-16 11:23:45.342762
P000401,Coffee Mug,Electronics,275.68,TechSupply Ltd,2026-08-16 11:23:45.342764
P000402,Keyboard,Books,847.21,Global Supplies,2026-08-16 11:23:45.342767
P000403,Coffee Mug,Beauty,684.7,TechSupply Ltd,2026-08-16 11:23:45.342769
P000404,T-Shirt,Books,904.19,Global Supplies,2026-08-16 11:23:45.342770
P000405,Keyboard,Clothing,350.98,Global Supplies,2026-08-16 11:23:45.342772
P000406,Backpack,Clothing,635.33,Global Supplies,2026-08-16 11:23:45.342773
P000407,Backpack,Books,602.47,HomeGoods Ltd,2026-08-16 11:23:45.342775
P000408,Keyboard,Clothing,945.62,TechSupply Ltd,2026-08-16 11:23:45.342777
P000409,Mouse,Clothing,251.5,Global Supplies,2026-08-16 11:23:45.342778
P000410,Coffee Mug,Books,721.88,TechSupply Ltd,2026-08-16 11:23:45.342780
P000411,Keyboard,Books,474.06,HomeGoods Ltd,2026-08-16 11:23:45.342781
P000412,Coffee Mug,Electronics,823.52,UK Wholesale,2026-08-16 11:23:45.342782
P000413,Smartphone,Home,141.98,TechSupply Ltd,2026-08-16 11:23:45.342784
P000414,Backpack,Clothing,856.45,TechSupply Ltd,2026-08-16 11:23:45.342785
P000415,Headphones,Books,663.14,TechSupply Ltd,2026-08-16 11:23:45.342787
P000416,Smartphone,Sports,950.03,TechSupply Ltd,2026-08-16 11:23:45.342789
P000417,Laptop,Clothing,64.98,TechSupply Ltd,2026-08-16 11:23:45.342790
P000418,Headphones,Electronics,416.3,TechSupply Ltd,2026-08-16 11:23:45.342792
P000419,T-Shirt,Books,68.04,Global Supplies,2026-08-16 11:23:45.342794
P000420,Mouse,Electronics,349.57,TechSupply Ltd,2026-08-16 11:23:45.342795
P000421,Backpack,Books,784.05,Global Supplies,2026-08-16 11:23:45.342798
P000422,Running Shoes,Clothing,650.33,TechSupply Ltd,2026-08-16 11:23:45.342800
P000423,Headphones,Beauty,46.79,UK Wholesale,2026-08-16 11:23:45.342802
P000424,Laptop,Books,834.04,HomeGoods Ltd,2026-08-16 11:23:45.342804
P000425,Mouse,Sports,986.77,TechSupply Ltd,2026-08-16 11:23:45.342806
P000426,Monitor,Books,705.64,Global Supplies,2026-08-16 11:23:45.342807
P000427,Backpack,Clothing,768.68,Global Supplies,2026-08-16 11:23:45.342809
P000428,Smartphone,Books,484.87,Global Supplies,2026-08-16 11:23:45.342810
P000429,Keyboard,Beauty,726.24,HomeGoods Ltd,2026-08-16 11:23:45.342812
P000430,Monitor,Clothing,172.07,UK Wholesale,2026-08-16 11:23:45.342813
P000431,Backpack,Sports,854.69,HomeGoods Ltd,2026-08-16 11:23:45.342815
P000432,Headphones,Home,69.11,TechSupply Ltd,2026-08-16 11:23:45.342816
P000433,Laptop,Sports,597.22,Global Supplies,2026-08-16 11:23:45.342818
P000434,Mouse,Sports,718.89,TechSupply Ltd,2026-08-16 11:23:45.342819
P000435,Headphones,Books,558.93,HomeGoods Ltd,2026-08-16 11:23:45.342821
P000436,Coffee Mug,Books,139.87,HomeGoods Ltd,2026-08-16 11:23:45.342822
P000437,Smartphone,Sports,889.78,UK Wholesale,2026-08-16 11:23:45.342824
P000438,Coffee Mug,Home,712.81,UK Wholesale,2026-08-16 11:23:45.342825
P000439,Monitor,Sports,57.05,TechSupply Ltd,2026-08-16 11:23:45.342827
P000440,Smartphone,Electronics,24.54,UK Wholesale,2026-08-16 11:23:45.342828
P000441,Headphones,Clothing,214.54,UK Wholesale,2026-08-16 11:23:45.342831
P000442,Backpack,Electronics,570.13,Global Supplies,2026-08-16 11:23:45.342833
P000443,Mouse,Sports,491.44,HomeGoods Ltd,2026-08-16 11:23:45.342834
P000444,Coffee Mug,Books,773.31,Global Supplies,2026-08-16 11:23:45.342836
P000445,Laptop,Electronics,502.03,UK Wholesale,2026-08-16 11:23:45.342837
P000446,Laptop,Electronics,893.99,UK Wholesale,2026-08-16 11:23:45.342839
P000447,Laptop,Sports,48.16,UK Wholesale,2026-08-16 11:23:45.342840
P000448,Running Shoes,Electronics,951.08,Global Supplies,2026-08-16 11:23:45.342842
P000449,Monitor,Beauty,335.89,Global Supplies,2026-08-16 11:23:45.342844
P000450,Backpack,Electronics,64.78,TechSupply Ltd,2026-08-16 11:23:45.342845
P000451,Mouse,Books,853.33,Global Supplies,2026-08-16 11:23:45.342847
P000452,Mouse,Clothing,368.9,Global Supplies,2026-08-16 11:23:45.342849
P000453,Monitor,Beauty,328.88,UK Wholesale,2026-08-16 11:23:45.342850
P000454,Mouse,Books,353.39,UK Wholesale,2026-08-16 11:23:45.342852
P000455,Laptop,Beauty,550.2,Global Supplies,2026-08-16 11:23:45.342853
P000456,Smartphone,Beauty,675.58,UK Wholesale,2026-08-16 11:23:45.342855
P000457,Laptop,Books,191.58,Global Supplies,2026-08-16 11:23:45.342856
P000458,Coffee Mug,Sports,120.0,UK Wholesale,2026-08-16 11:23:45.342859
P000459,Keyboard,Books,64.64,TechSupply Ltd,2026-08-16 11:23:45.342860
P000460,Coffee Mug,Beauty,991.17,TechSupply Ltd,2026-08-16 11:23:45.342863
P000461,Smartphone,Home,918.85,Global Supplies,2026-08-16 11:23:45.342866
P000462,Coffee Mug,Sports,526.21,Global Supplies,2026-08-16 11:23:45.342867
P000463,Smartphone,Books,659.99,UK Wholesale,2026-08-16 11:23:45.342869
P000464,Laptop,Clothing,15.57,HomeGoods Ltd,2026-08-16 11:23:45.342870
P000465,Laptop,Books,280.69,Global Supplies,2026-08-16 11:23:45.342873
P000466,Mouse,Books,220.27,HomeGoods Ltd,2026-08-16 11:23:45.342875
P000467,T-Shirt,Sports,101.0,Global Supplies,2026-08-16 11:23:45.342876
P000468,Smartphone,Electronics,562.12,TechSupply Ltd,2026-08-16 11:23:45.342878
P000469,Keyboard,Beauty,795.39,Global Supplies,2026-08-16 11:23:45.342880
P000470,Laptop,Home,402.67,HomeGoods Ltd,2026-08-16 11:23:45.342881
P000471,Keyboard,Clothing,358.6,HomeGoods Ltd,2026-08-16 11:23:45.342884
P000472,Coffee Mug,Books,282.28,HomeGoods Ltd,2026-08-16 11:23:45.342885
P000473,Coffee Mug,Electronics,858.14,Global Supplies,2026-08-16 11:23:45.342887
P000474,Running Shoes,Sports,719.75,HomeGoods Ltd,2026-08-16 11:23:45.342889
P000475,Headphones,Clothing,318.63,UK Wholesale,2026-08-16 11:23:45.342890
P000476,Monitor,Electronics,993.06,UK Wholesale,2026-08-16 11:23:45.342892
P000477,Coffee Mug,Beauty,250.28,UK Wholesale,2026-08-16 11:23:45.342893
P000478,Laptop,Home,759.46,HomeGoods Ltd,2026-08-16 11:23:45.342895
P000479,Monitor,Sports,682.66,UK Wholesale,2026-08-16 11:23:45.342896
P000480,Laptop,Books,113.12,Global Supplies,2026-08-16 11:23:45.342899
P000481,Coffee Mug,Home,983.24,HomeGoods Ltd,2026-08-16 11:23:45.342900
P000482,T-Shirt,Home,703.67,Global Supplies,2026-08-16 11:23:45.342902
P000483,Keyboard,Clothing,134.75,HomeGoods Ltd,2026-08-16 11:23:45.342903
P000484,Running Shoes,Home,975.0,UK Wholesale,2026-08-16 11:23:45.342905
P000485,Laptop,Home,155.52,UK Wholesale,2026-08-16 11:23:45.342907
P000486,Keyboard,Books,339.1,Global Supplies,2026-08-16 11:23:45.342908
P000487,T-Shirt,Electronics,441.59,TechSupply Ltd,2026-08-16 11:23:45.342910
P000488,Headphones,Clothing,252.34,HomeGoods Ltd,2026-08-16 11:23:45.342911
P000489,Running Shoes,Home,203.9,HomeGoods Ltd,2026-08-16 11:23:45.342913
P000490,Mouse,Books,557.11,TechSupply Ltd,2026-08-16 11:23:45.342914
P000491,Smartphone,Home,939.26,Global Supplies,2026-08-16 11:23:45.342916
P000492,Smartphone,Books,462.04,TechSupply Ltd,2026-08-16 11:23:45.342918
P000493,Running Shoes,Beauty,859.81,Global Supplies,2026-08-16 11:23:45.342919
P000494,Mouse,Electronics,396.32,Global Supplies,2026-08-16 11:23:45.342921
P000495,Headphones,Sports,218.5,TechSupply Ltd,2026-08-16 11:23:45.342922
P000496,T-Shirt,Electronics,583.78,Global Supplies,2026-08-16 11:23:45.342924
P000497,Monitor,Books,966.71,HomeGoods Ltd,2026-08-16 11:23:45.342925
P000498,Coffee Mug,Home,718.36,Global Supplies,2026-08-16 11:23:45.342927
P000499,Coffee Mug,Beauty,768.36,HomeGoods Ltd,2026-08-16 11:23:45.342929
P000500,Backpack,Sports,585.3,Global Supplies,2026-08-16 11:23:45.342931
